regulator,target,sign,K,half_response,hill_coefficient,source,evidence,r2,pearson,spearman,coef
Klf1,Mt2,+,1.208131158787237,1.0,2.0,CellOracle_Paul2015_baseGRN_Ridge,baseGRN_plus_expression_fit,0.5807196796155658,0.7622530625505859,0.7060909503268143,0.304942813238
Hoxa5,Mt2,-,0.9173138790680229,1.0,2.0,CellOracle_Paul2015_baseGRN_Ridge,baseGRN_plus_expression_fit,0.5807196796155658,0.7622530625505859,0.7060909503268143,-0.225563793831
Gata1,Mt2,+,0.8143079381577518,1.0,2.0,CellOracle_Paul2015_baseGRN_Ridge,baseGRN_plus_expression_fit,0.5807196796155658,0.7622530625505859,0.7060909503268143,0.197448165384
E2f4,Mt2,+,0.6881800261692589,1.0,2.0,CellOracle_Paul2015_baseGRN_Ridge,baseGRN_plus_expression_fit,0.5807196796155658,0.7622530625505859,0.7060909503268143,0.163021359717
Bcl11a,Mt2,+,0.6370024224661819,1.0,2.0,CellOracle_Paul2015_baseGRN_Ridge,baseGRN_plus_expression_fit,0.5807196796155658,0.7622530625505859,0.7060909503268143,0.149052354844
Klf1,Atp1b2,+,0.7223986840802927,1.0,2.0,CellOracle_Paul2015_baseGRN_Ridge,baseGRN_plus_expression_fit,0.5307273949549958,0.728879114377338,0.6960357852823441,0.172361394508
Mycn,Atp1b2,-,0.5531411906933859,1.0,2.0,CellOracle_Paul2015_baseGRN_Ridge,baseGRN_plus_expression_fit,0.5307273949549958,0.728879114377338,0.6960357852823441,-0.126162303913
Nfatc2,Atp1b2,+,0.49411682612724184,1.0,2.0,CellOracle_Paul2015_baseGRN_Ridge,baseGRN_plus_expression_fit,0.5307273949549958,0.728879114377338,0.6960357852823441,0.110051513712
Prdm5,Atp1b2,-,0.493524858083838,1.0,2.0,CellOracle_Paul2015_baseGRN_Ridge,baseGRN_plus_expression_fit,0.5307273949549958,0.728879114377338,0.6960357852823441,-0.109889935133
Nfia,Atp1b2,+,0.49250152705437567,1.0,2.0,CellOracle_Paul2015_baseGRN_Ridge,baseGRN_plus_expression_fit,0.5307273949549958,0.728879114377338,0.6960357852823441,0.10961061537
Tcf7,Blvrb,+,1.7874423520869227,1.0,2.0,CellOracle_Paul2015_baseGRN_Ridge,baseGRN_plus_expression_fit,0.5261096115532709,0.7291911100032017,0.6858730089679751,0.463066685726
Klf1,Blvrb,+,1.0393922529042832,1.0,2.0,CellOracle_Paul2015_baseGRN_Ridge,baseGRN_plus_expression_fit,0.5261096115532709,0.7291911100032017,0.6858730089679751,0.258885271892
Egr1,Blvrb,+,0.906110135133344,1.0,2.0,CellOracle_Paul2015_baseGRN_Ridge,baseGRN_plus_expression_fit,0.5261096115532709,0.7291911100032017,0.6858730089679751,0.222505714861
Rel,Blvrb,-,0.6467313453388222,1.0,2.0,CellOracle_Paul2015_baseGRN_Ridge,baseGRN_plus_expression_fit,0.5261096115532709,0.7291911100032017,0.6858730089679751,-0.151707879159
Gata1,Blvrb,+,0.6379684097709073,1.0,2.0,CellOracle_Paul2015_baseGRN_Ridge,baseGRN_plus_expression_fit,0.5261096115532709,0.7291911100032017,0.6858730089679751,0.14931602255
Mycn,Prtn3,-,1.8699280079849012,1.0,2.0,CellOracle_Paul2015_baseGRN_Ridge,baseGRN_plus_expression_fit,0.471578842358342,0.6905984931288687,0.7086811712848224,-0.485581271127
Zbtb4,Prtn3,-,1.2375533785479085,1.0,2.0,CellOracle_Paul2015_baseGRN_Ridge,baseGRN_plus_expression_fit,0.471578842358342,0.6905984931288687,0.7086811712848224,-0.312973652931
Klf1,Prtn3,-,1.2341241041339188,1.0,2.0,CellOracle_Paul2015_baseGRN_Ridge,baseGRN_plus_expression_fit,0.471578842358342,0.6905984931288687,0.7086811712848224,-0.312037627257
Nfatc2,Prtn3,-,1.1608790773209257,1.0,2.0,CellOracle_Paul2015_baseGRN_Ridge,baseGRN_plus_expression_fit,0.471578842358342,0.6905984931288687,0.7086811712848224,-0.292045285638
Egr1,Prtn3,-,1.1305934916210174,1.0,2.0,CellOracle_Paul2015_baseGRN_Ridge,baseGRN_plus_expression_fit,0.471578842358342,0.6905984931288687,0.7086811712848224,-0.283778788897
Mycn,Zfpm1,+,1.6852686402791808,1.0,2.0,CellOracle_Paul2015_baseGRN_Ridge,baseGRN_plus_expression_fit,0.38366859720171287,0.6280481371783735,0.6045126659863146,0.43517821548
Egr1,Zfpm1,+,1.6166433296643363,1.0,2.0,CellOracle_Paul2015_baseGRN_Ridge,baseGRN_plus_expression_fit,0.38366859720171287,0.6280481371783735,0.6045126659863146,0.416446832433
Nfatc2,Zfpm1,+,1.0644108530298766,1.0,2.0,CellOracle_Paul2015_baseGRN_Ridge,baseGRN_plus_expression_fit,0.38366859720171287,0.6280481371783735,0.6045126659863146,0.265714136899
Klf1,Zfpm1,+,0.8064542246388458,1.0,2.0,CellOracle_Paul2015_baseGRN_Ridge,baseGRN_plus_expression_fit,0.38366859720171287,0.6280481371783735,0.6045126659863146,0.195304482318
Gata1,Zfpm1,+,0.7914865727662304,1.0,2.0,CellOracle_Paul2015_baseGRN_Ridge,baseGRN_plus_expression_fit,0.38366859720171287,0.6280481371783735,0.6045126659863146,0.191219038944
Nfatc2,Alas1,-,1.5725384433249652,1.0,2.0,CellOracle_Paul2015_baseGRN_Ridge,baseGRN_plus_expression_fit,0.33536544871436547,0.5794002002456456,0.5682740898982463,-0.404408336536
Hivep2,Alas1,-,1.5436612772917035,1.0,2.0,CellOracle_Paul2015_baseGRN_Ridge,baseGRN_plus_expression_fit,0.33536544871436547,0.5794002002456456,0.5682740898982463,-0.396526270088
Zbtb4,Alas1,-,0.913724665550107,1.0,2.0,CellOracle_Paul2015_baseGRN_Ridge,baseGRN_plus_expression_fit,0.33536544871436547,0.5794002002456456,0.5682740898982463,-0.224584112535
Mycn,Alas1,-,0.8716877158496179,1.0,2.0,CellOracle_Paul2015_baseGRN_Ridge,baseGRN_plus_expression_fit,0.33536544871436547,0.5794002002456456,0.5682740898982463,-0.213110063093
Tcfec,Alas1,+,0.7781217507229943,1.0,2.0,CellOracle_Paul2015_baseGRN_Ridge,baseGRN_plus_expression_fit,0.33536544871436547,0.5794002002456456,0.5682740898982463,0.187571090413
Hivep2,Tuba1b,+,1.2666853721719515,1.0,2.0,CellOracle_Paul2015_baseGRN_Ridge,baseGRN_plus_expression_fit,0.25134289985113445,0.5019486507142319,0.3646295499657236,0.320925274958
Ybx1,Tuba1b,+,0.8746135503505346,1.0,2.0,CellOracle_Paul2015_baseGRN_Ridge,baseGRN_plus_expression_fit,0.25134289985113445,0.5019486507142319,0.3646295499657236,0.213908674076
Zbtb4,Tuba1b,-,0.7499908842991989,1.0,2.0,CellOracle_Paul2015_baseGRN_Ridge,baseGRN_plus_expression_fit,0.25134289985113445,0.5019486507142319,0.3646295499657236,-0.17989272758
Klf2,Tuba1b,-,0.7408818507833037,1.0,2.0,CellOracle_Paul2015_baseGRN_Ridge,baseGRN_plus_expression_fit,0.25134289985113445,0.5019486507142319,0.3646295499657236,-0.177406403009
Id2,Tuba1b,-,0.6350488512415673,1.0,2.0,CellOracle_Paul2015_baseGRN_Ridge,baseGRN_plus_expression_fit,0.25134289985113445,0.5019486507142319,0.3646295499657236,-0.148519124603
Bcl11a,Abcg4,+,0.4171747173291449,1.0,2.0,CellOracle_Paul2015_baseGRN_Ridge,baseGRN_plus_expression_fit,0.24638333236407806,0.4977155571315558,0.4807367998315725,0.0890500479346
Klf1,Abcg4,+,0.32100266188345983,1.0,2.0,CellOracle_Paul2015_baseGRN_Ridge,baseGRN_plus_expression_fit,0.24638333236407806,0.4977155571315558,0.4807367998315725,0.062799738933
Gata1,Abcg4,+,0.319497380192701,1.0,2.0,CellOracle_Paul2015_baseGRN_Ridge,baseGRN_plus_expression_fit,0.24638333236407806,0.4977155571315558,0.4807367998315725,0.062388870003
Bhlha15,Abcg4,+,0.26572307194929723,1.0,2.0,CellOracle_Paul2015_baseGRN_Ridge,baseGRN_plus_expression_fit,0.24638333236407806,0.4977155571315558,0.4807367998315725,0.047711090671
Foxo1,Abcg4,-,0.2651626999787271,1.0,2.0,CellOracle_Paul2015_baseGRN_Ridge,baseGRN_plus_expression_fit,0.24638333236407806,0.4977155571315558,0.4807367998315725,-0.0475581362882
Nfatc2,Limd2,-,1.0527056845802953,1.0,2.0,CellOracle_Paul2015_baseGRN_Ridge,baseGRN_plus_expression_fit,0.22796314187271516,0.5275860150443948,0.5194574025962377,-0.262519193344
Gfi1,Limd2,+,0.7567692713212963,1.0,2.0,CellOracle_Paul2015_baseGRN_Ridge,baseGRN_plus_expression_fit,0.22796314187271516,0.5275860150443948,0.5194574025962377,0.181742898641
Irf8,Limd2,+,0.6698129393791004,1.0,2.0,CellOracle_Paul2015_baseGRN_Ridge,baseGRN_plus_expression_fit,0.22796314187271516,0.5275860150443948,0.5194574025962377,0.158008035405
Mycn,Limd2,-,0.652311129754005,1.0,2.0,CellOracle_Paul2015_baseGRN_Ridge,baseGRN_plus_expression_fit,0.22796314187271516,0.5275860150443948,0.5194574025962377,-0.153230889813
Egr1,Limd2,-,0.6254923736606286,1.0,2.0,CellOracle_Paul2015_baseGRN_Ridge,baseGRN_plus_expression_fit,0.22796314187271516,0.5275860150443948,0.5194574025962377,-0.145910669493
Egr1,P4hb,-,1.0907864836638987,1.0,2.0,CellOracle_Paul2015_baseGRN_Ridge,baseGRN_plus_expression_fit,0.2248042210400758,0.4781156667089727,0.5184195362689477,-0.27291340545
Klf2,P4hb,-,0.8349263655204073,1.0,2.0,CellOracle_Paul2015_baseGRN_Ridge,baseGRN_plus_expression_fit,0.2248042210400758,0.4781156667089727,0.5184195362689477,-0.203075996534
Tcfec,P4hb,+,0.7619293662152369,1.0,2.0,CellOracle_Paul2015_baseGRN_Ridge,baseGRN_plus_expression_fit,0.2248042210400758,0.4781156667089727,0.5184195362689477,0.183151354401
Hnf4a,P4hb,-,0.7534711540615506,1.0,2.0,CellOracle_Paul2015_baseGRN_Ridge,baseGRN_plus_expression_fit,0.2248042210400758,0.4781156667089727,0.5184195362689477,-0.180842672512
Gfi1,P4hb,+,0.7226024235992876,1.0,2.0,CellOracle_Paul2015_baseGRN_Ridge,baseGRN_plus_expression_fit,0.2248042210400758,0.4781156667089727,0.5184195362689477,0.17241700552
Stat4,Ddx39,-,1.2955817953976363,1.0,2.0,CellOracle_Paul2015_baseGRN_Ridge,baseGRN_plus_expression_fit,0.20576975728648372,0.45674653470827514,0.43940112471403253,-0.328812597686
Nfatc2,Ddx39,-,0.8143852675815628,1.0,2.0,CellOracle_Paul2015_baseGRN_Ridge,baseGRN_plus_expression_fit,0.20576975728648372,0.45674653470827514,0.43940112471403253,-0.197469272568
Id2,Ddx39,-,0.7470428998321119,1.0,2.0,CellOracle_Paul2015_baseGRN_Ridge,baseGRN_plus_expression_fit,0.20576975728648372,0.45674653470827514,0.43940112471403253,-0.17908807073
E2f4,Ddx39,+,0.5029414171489037,1.0,2.0,CellOracle_Paul2015_baseGRN_Ridge,baseGRN_plus_expression_fit,0.20576975728648372,0.45674653470827514,0.43940112471403253,0.112460199271
Gata2,Ddx39,-,0.4806576414121322,1.0,2.0,CellOracle_Paul2015_baseGRN_Ridge,baseGRN_plus_expression_fit,0.20576975728648372,0.45674653470827514,0.43940112471403253,-0.106377808746
Nfatc2,Ssx2ip,+,0.9049196854430195,1.0,2.0,CellOracle_Paul2015_baseGRN_Ridge,baseGRN_plus_expression_fit,0.19048311989908684,0.436987540545657,0.4384855944033098,0.222180779805
Arhgef12,Ssx2ip,+,0.4708731893530825,1.0,2.0,CellOracle_Paul2015_baseGRN_Ridge,baseGRN_plus_expression_fit,0.19048311989908684,0.436987540545657,0.4384855944033098,0.103707127655
Nfia,Ssx2ip,+,0.3951532602968797,1.0,2.0,CellOracle_Paul2015_baseGRN_Ridge,baseGRN_plus_expression_fit,0.19048311989908684,0.436987540545657,0.4384855944033098,0.0830392576995
Ets1,Ssx2ip,+,0.3213186407534795,1.0,2.0,CellOracle_Paul2015_baseGRN_Ridge,baseGRN_plus_expression_fit,0.19048311989908684,0.436987540545657,0.4384855944033098,0.0628859858468
Rara,Ssx2ip,-,0.32100930653039284,1.0,2.0,CellOracle_Paul2015_baseGRN_Ridge,baseGRN_plus_expression_fit,0.19048311989908684,0.436987540545657,0.4384855944033098,-0.0628015525995
Hivep2,Fth1,+,0.8786059420328378,1.0,2.0,CellOracle_Paul2015_baseGRN_Ridge,baseGRN_plus_expression_fit,0.18487213078027942,0.4304282206418319,0.47959507093507825,0.214998403466
Tcf7,Fth1,-,0.7762527561358292,1.0,2.0,CellOracle_Paul2015_baseGRN_Ridge,baseGRN_plus_expression_fit,0.18487213078027942,0.4304282206418319,0.47959507093507825,-0.187060945494
Bhlha15,Fth1,-,0.7542610767981941,1.0,2.0,CellOracle_Paul2015_baseGRN_Ridge,baseGRN_plus_expression_fit,0.18487213078027942,0.4304282206418319,0.47959507093507825,-0.181058283126
Klf2,Fth1,-,0.7292970673480346,1.0,2.0,CellOracle_Paul2015_baseGRN_Ridge,baseGRN_plus_expression_fit,0.18487213078027942,0.4304282206418319,0.47959507093507825,-0.174244318727
Mycn,Fth1,-,0.6239105243626546,1.0,2.0,CellOracle_Paul2015_baseGRN_Ridge,baseGRN_plus_expression_fit,0.18487213078027942,0.4304282206418319,0.47959507093507825,-0.145478901318
Hivep2,Adssl1,-,0.7015846809706399,1.0,2.0,CellOracle_Paul2015_baseGRN_Ridge,baseGRN_plus_expression_fit,0.1775995173923568,0.4378319481247375,0.44660849591878005,-0.16668018066
Mycn,Adssl1,-,0.6645933667404564,1.0,2.0,CellOracle_Paul2015_baseGRN_Ridge,baseGRN_plus_expression_fit,0.1775995173923568,0.4378319481247375,0.44660849591878005,-0.156583345104
Rel,Adssl1,+,0.6368283935086506,1.0,2.0,CellOracle_Paul2015_baseGRN_Ridge,baseGRN_plus_expression_fit,0.1775995173923568,0.4378319481247375,0.44660849591878005,0.149004853375
Tcf7,Adssl1,+,0.6239664874026606,1.0,2.0,CellOracle_Paul2015_baseGRN_Ridge,baseGRN_plus_expression_fit,0.1775995173923568,0.4378319481247375,0.44660849591878005,0.145494176515
Klf1,Adssl1,-,0.5898612948193245,1.0,2.0,CellOracle_Paul2015_baseGRN_Ridge,baseGRN_plus_expression_fit,0.1775995173923568,0.4378319481247375,0.44660849591878005,-0.136185112258
Klf2,Nme1,+,1.3121863468161092,1.0,2.0,CellOracle_Paul2015_baseGRN_Ridge,baseGRN_plus_expression_fit,0.1768839590927226,0.4215673521331824,0.3307382016269195,0.333344835284
Hnf4a,Nme1,-,0.9310919328960474,1.0,2.0,CellOracle_Paul2015_baseGRN_Ridge,baseGRN_plus_expression_fit,0.1768839590927226,0.4215673521331824,0.3307382016269195,-0.229324534607
Nfat5,Nme1,-,0.7837935894880705,1.0,2.0,CellOracle_Paul2015_baseGRN_Ridge,baseGRN_plus_expression_fit,0.1768839590927226,0.4215673521331824,0.3307382016269195,-0.189119227442
Ybx1,Nme1,+,0.6785243215068784,1.0,2.0,CellOracle_Paul2015_baseGRN_Ridge,baseGRN_plus_expression_fit,0.1768839590927226,0.4215673521331824,0.3307382016269195,0.160385820424
Tcf7,Nme1,+,0.626483971681586,1.0,2.0,CellOracle_Paul2015_baseGRN_Ridge,baseGRN_plus_expression_fit,0.1768839590927226,0.4215673521331824,0.3307382016269195,0.146181327683
Klf2,Thoc4,-,1.443788711244764,1.0,2.0,CellOracle_Paul2015_baseGRN_Ridge,baseGRN_plus_expression_fit,0.16726481134470883,0.4196744365846984,0.3348008239200996,-0.369265901082
Hivep2,Thoc4,-,0.8774138113443821,1.0,2.0,CellOracle_Paul2015_baseGRN_Ridge,baseGRN_plus_expression_fit,0.16726481134470883,0.4196744365846984,0.3348008239200996,-0.214673009579
Hnf4a,Thoc4,-,0.8607120298034656,1.0,2.0,CellOracle_Paul2015_baseGRN_Ridge,baseGRN_plus_expression_fit,0.16726481134470883,0.4196744365846984,0.3348008239200996,-0.210114232871
Egr1,Thoc4,-,0.7228846445635095,1.0,2.0,CellOracle_Paul2015_baseGRN_Ridge,baseGRN_plus_expression_fit,0.16726481134470883,0.4196744365846984,0.3348008239200996,-0.172494038162
Stat4,Thoc4,-,0.7211755305497305,1.0,2.0,CellOracle_Paul2015_baseGRN_Ridge,baseGRN_plus_expression_fit,0.16726481134470883,0.4196744365846984,0.3348008239200996,-0.172027532889
Nfatc2,Plod3,-,1.190650123730234,1.0,2.0,CellOracle_Paul2015_baseGRN_Ridge,baseGRN_plus_expression_fit,0.16279331351417092,0.4172534178547233,0.4190597302526677,-0.300171338096
Hnf4a,Plod3,-,0.8102609002846624,1.0,2.0,CellOracle_Paul2015_baseGRN_Ridge,baseGRN_plus_expression_fit,0.16279331351417092,0.4172534178547233,0.4190597302526677,-0.196343520233
Klf2,Plod3,-,0.7711270125907943,1.0,2.0,CellOracle_Paul2015_baseGRN_Ridge,baseGRN_plus_expression_fit,0.16279331351417092,0.4172534178547233,0.4190597302526677,-0.185661865987
Hoxa5,Plod3,-,0.749854188758565,1.0,2.0,CellOracle_Paul2015_baseGRN_Ridge,baseGRN_plus_expression_fit,0.16279331351417092,0.4172534178547233,0.4190597302526677,-0.179855416324
Klf4,Plod3,+,0.6848131983055363,1.0,2.0,CellOracle_Paul2015_baseGRN_Ridge,baseGRN_plus_expression_fit,0.16279331351417092,0.4172534178547233,0.4190597302526677,0.162102378924
Hnf4a,Cnn2,+,0.9809779111809676,1.0,2.0,CellOracle_Paul2015_baseGRN_Ridge,baseGRN_plus_expression_fit,0.15342968230133724,0.39700521157201907,0.40128512350885986,0.242940988355
Hoxa5,Cnn2,+,0.9000352040286443,1.0,2.0,CellOracle_Paul2015_baseGRN_Ridge,baseGRN_plus_expression_fit,0.15342968230133724,0.39700521157201907,0.40128512350885986,0.220847553164
Rara,Cnn2,-,0.6487480564016475,1.0,2.0,CellOracle_Paul2015_baseGRN_Ridge,baseGRN_plus_expression_fit,0.15342968230133724,0.39700521157201907,0.40128512350885986,-0.152258343515
Klf2,Cnn2,+,0.6233081483062488,1.0,2.0,CellOracle_Paul2015_baseGRN_Ridge,baseGRN_plus_expression_fit,0.15342968230133724,0.39700521157201907,0.40128512350885986,0.145314481856
Tcfec,Cnn2,+,0.5504374593276306,1.0,2.0,CellOracle_Paul2015_baseGRN_Ridge,baseGRN_plus_expression_fit,0.15342968230133724,0.39700521157201907,0.40128512350885986,0.125424316319
Nfatc2,Ndufv1,+,1.2279362481894383,1.0,2.0,CellOracle_Paul2015_baseGRN_Ridge,baseGRN_plus_expression_fit,0.1512148488942121,0.39018616850996124,0.3663437862130043,0.310348642553
Egr1,Ndufv1,-,0.826782003987762,1.0,2.0,CellOracle_Paul2015_baseGRN_Ridge,baseGRN_plus_expression_fit,0.1512148488942121,0.39018616850996124,0.3663437862130043,-0.20085298065
Ets1,Ndufv1,-,0.7430194467697238,1.0,2.0,CellOracle_Paul2015_baseGRN_Ridge,baseGRN_plus_expression_fit,0.1512148488942121,0.39018616850996124,0.3663437862130043,-0.177989863089
Stat4,Ndufv1,-,0.6130308123880679,1.0,2.0,CellOracle_Paul2015_baseGRN_Ridge,baseGRN_plus_expression_fit,0.1512148488942121,0.39018616850996124,0.3663437862130043,-0.142509267365
Klf2,Ndufv1,+,0.5667670801423763,1.0,2.0,CellOracle_Paul2015_baseGRN_Ridge,baseGRN_plus_expression_fit,0.1512148488942121,0.39018616850996124,0.3663437862130043,0.12988151119
Ybx1,Pabpn1,+,0.7232171324756873,1.0,2.0,CellOracle_Paul2015_baseGRN_Ridge,baseGRN_plus_expression_fit,0.14865127434406045,0.39497564774250454,0.3235935150501346,0.172584791244
Hnf4a,Pabpn1,-,0.6715110287282533,1.0,2.0,CellOracle_Paul2015_baseGRN_Ridge,baseGRN_plus_expression_fit,0.14865127434406045,0.39497564774250454,0.3235935150501346,-0.158471531479
Prdm5,Pabpn1,-,0.6641181837241243,1.0,2.0,CellOracle_Paul2015_baseGRN_Ridge,baseGRN_plus_expression_fit,0.14865127434406045,0.39497564774250454,0.3235935150501346,-0.156453643176
Tcf7,Pabpn1,-,0.5745102734243146,1.0,2.0,CellOracle_Paul2015_baseGRN_Ridge,baseGRN_plus_expression_fit,0.14865127434406045,0.39497564774250454,0.3235935150501346,-0.131995027589
Nfia,Pabpn1,+,0.5498096912458409,1.0,2.0,CellOracle_Paul2015_baseGRN_Ridge,baseGRN_plus_expression_fit,0.14865127434406045,0.39497564774250454,0.3235935150501346,0.125252966065
Tcf7,Ftsj3,-,0.8798565719918816,1.0,2.0,CellOracle_Paul2015_baseGRN_Ridge,baseGRN_plus_expression_fit,0.1435571788811476,0.38099479396428765,0.3333798767654066,-0.215339764818
Pbx1,Ftsj3,-,0.6404133055777701,1.0,2.0,CellOracle_Paul2015_baseGRN_Ridge,baseGRN_plus_expression_fit,0.1435571788811476,0.38099479396428765,0.3333798767654066,-0.149983360584
Klf2,Ftsj3,-,0.6131646840902722,1.0,2.0,CellOracle_Paul2015_baseGRN_Ridge,baseGRN_plus_expression_fit,0.1435571788811476,0.38099479396428765,0.3333798767654066,-0.14254580785
Zbtb4,Ftsj3,-,0.5623377430834738,1.0,2.0,CellOracle_Paul2015_baseGRN_Ridge,baseGRN_plus_expression_fit,0.1435571788811476,0.38099479396428765,0.3333798767654066,-0.128672516894
Ikzf2,Ftsj3,-,0.5480183158262446,1.0,2.0,CellOracle_Paul2015_baseGRN_Ridge,baseGRN_plus_expression_fit,0.1435571788811476,0.38099479396428765,0.3333798767654066,-0.124764007416
Nfia,Agpat3,+,0.4421455799090457,1.0,2.0,CellOracle_Paul2015_baseGRN_Ridge,baseGRN_plus_expression_fit,0.1360882975825115,0.386235763672668,0.39100422435874116,0.0958658829058
Hoxa5,Agpat3,-,0.3482477224038327,1.0,2.0,CellOracle_Paul2015_baseGRN_Ridge,baseGRN_plus_expression_fit,0.1360882975825115,0.386235763672668,0.39100422435874116,-0.0702363196956
Egr1,Agpat3,-,0.2948573013406787,1.0,2.0,CellOracle_Paul2015_baseGRN_Ridge,baseGRN_plus_expression_fit,0.1360882975825115,0.386235763672668,0.39100422435874116,-0.0556633229541
Id2,Agpat3,+,0.2888038978561072,1.0,2.0,CellOracle_Paul2015_baseGRN_Ridge,baseGRN_plus_expression_fit,0.1360882975825115,0.386235763672668,0.39100422435874116,0.0540110372538
Rel,Agpat3,-,0.27934097542709313,1.0,2.0,CellOracle_Paul2015_baseGRN_Ridge,baseGRN_plus_expression_fit,0.1360882975825115,0.386235763672668,0.39100422435874116,-0.051428118165
Hoxa5,Nup85,+,0.9111218632529996,1.0,2.0,CellOracle_Paul2015_baseGRN_Ridge,baseGRN_plus_expression_fit,0.13532512833407562,0.3745213753727091,0.3443016911830532,0.223873673684
Stat4,Nup85,+,0.6677080013749581,1.0,2.0,CellOracle_Paul2015_baseGRN_Ridge,baseGRN_plus_expression_fit,0.13532512833407562,0.3745213753727091,0.3443016911830532,0.157433489371
Meis1,Nup85,-,0.5733726703414855,1.0,2.0,CellOracle_Paul2015_baseGRN_Ridge,baseGRN_plus_expression_fit,0.13532512833407562,0.3745213753727091,0.3443016911830532,-0.131684517095
Rel,Nup85,-,0.5249840582025547,1.0,2.0,CellOracle_Paul2015_baseGRN_Ridge,baseGRN_plus_expression_fit,0.13532512833407562,0.3745213753727091,0.3443016911830532,-0.118476771717
Zbtb4,Nup85,-,0.5244070137578749,1.0,2.0,CellOracle_Paul2015_baseGRN_Ridge,baseGRN_plus_expression_fit,0.13532512833407562,0.3745213753727091,0.3443016911830532,-0.118319266557
Nfatc2,Gtf2f1,-,0.8488997968587628,1.0,2.0,CellOracle_Paul2015_baseGRN_Ridge,baseGRN_plus_expression_fit,0.13311039377877576,0.37614546720436276,0.36323133394344764,-0.206890065899
Klf2,Gtf2f1,-,0.7387805294726653,1.0,2.0,CellOracle_Paul2015_baseGRN_Ridge,baseGRN_plus_expression_fit,0.13311039377877576,0.37614546720436276,0.36323133394344764,-0.176832844157
Egr1,Gtf2f1,-,0.7112127128619814,1.0,2.0,CellOracle_Paul2015_baseGRN_Ridge,baseGRN_plus_expression_fit,0.13311039377877576,0.37614546720436276,0.36323133394344764,-0.169308166628
Bhlha15,Gtf2f1,-,0.6492609195484578,1.0,2.0,CellOracle_Paul2015_baseGRN_Ridge,baseGRN_plus_expression_fit,0.13311039377877576,0.37614546720436276,0.36323133394344764,-0.152398330292
Meis1,Gtf2f1,-,0.5305580005950126,1.0,2.0,CellOracle_Paul2015_baseGRN_Ridge,baseGRN_plus_expression_fit,0.13311039377877576,0.37614546720436276,0.36323133394344764,-0.119998187782
Nfia,Slc22a23,+,0.2594736118645771,1.0,2.0,CellOracle_Paul2015_baseGRN_Ridge,baseGRN_plus_expression_fit,0.1323358367767814,0.365172237457397,0.3503795539462322,0.0460052910231
Klf1,Slc22a23,+,0.22965795533891079,1.0,2.0,CellOracle_Paul2015_baseGRN_Ridge,baseGRN_plus_expression_fit,0.1323358367767814,0.365172237457397,0.3503795539462322,0.0378670621659
Egr1,Slc22a23,-,0.22859694162870034,1.0,2.0,CellOracle_Paul2015_baseGRN_Ridge,baseGRN_plus_expression_fit,0.1323358367767814,0.365172237457397,0.3503795539462322,-0.0375774568578
Bcl11a,Slc22a23,+,0.22145261491331564,1.0,2.0,CellOracle_Paul2015_baseGRN_Ridge,baseGRN_plus_expression_fit,0.1323358367767814,0.365172237457397,0.3503795539462322,0.0356274020002
Gata1,Slc22a23,+,0.2,1.0,2.0,CellOracle_Paul2015_baseGRN_Ridge,baseGRN_plus_expression_fit,0.1323358367767814,0.365172237457397,0.3503795539462322,0.0297718780878
Nfatc2,Pik3r2,+,0.48950315380817483,1.0,2.0,CellOracle_Paul2015_baseGRN_Ridge,baseGRN_plus_expression_fit,0.1287020210789197,0.35903738133412993,0.368338178441255,0.108792204826
Tcf7,Pik3r2,-,0.3952701931502012,1.0,2.0,CellOracle_Paul2015_baseGRN_Ridge,baseGRN_plus_expression_fit,0.1287020210789197,0.35903738133412993,0.368338178441255,-0.0830711746999
Klf1,Pik3r2,+,0.3831636712994526,1.0,2.0,CellOracle_Paul2015_baseGRN_Ridge,baseGRN_plus_expression_fit,0.1287020210789197,0.35903738133412993,0.368338178441255,0.0797666811228
Brf1,Pik3r2,+,0.38282213766562745,1.0,2.0,CellOracle_Paul2015_baseGRN_Ridge,baseGRN_plus_expression_fit,0.1287020210789197,0.35903738133412993,0.368338178441255,0.0796734589973
Arhgef12,Pik3r2,+,0.3568399608860817,1.0,2.0,CellOracle_Paul2015_baseGRN_Ridge,baseGRN_plus_expression_fit,0.1287020210789197,0.35903738133412993,0.368338178441255,0.0725815842751
Egr1,Pprc1,-,0.8374533121425793,1.0,2.0,CellOracle_Paul2015_baseGRN_Ridge,baseGRN_plus_expression_fit,0.12797631278228738,0.3581594965676251,0.36911586223384435,-0.203765730463
Stat4,Pprc1,-,0.7482448913558202,1.0,2.0,CellOracle_Paul2015_baseGRN_Ridge,baseGRN_plus_expression_fit,0.12797631278228738,0.3581594965676251,0.36911586223384435,-0.179416156147
Zbtb4,Pprc1,+,0.558473412910478,1.0,2.0,CellOracle_Paul2015_baseGRN_Ridge,baseGRN_plus_expression_fit,0.12797631278228738,0.3581594965676251,0.36911586223384435,0.127617742088
Klf1,Pprc1,+,0.41235145260415795,1.0,2.0,CellOracle_Paul2015_baseGRN_Ridge,baseGRN_plus_expression_fit,0.12797631278228738,0.3581594965676251,0.36911586223384435,0.0877335304822
Rara,Pprc1,+,0.38463836107810573,1.0,2.0,CellOracle_Paul2015_baseGRN_Ridge,baseGRN_plus_expression_fit,0.12797631278228738,0.3581594965676251,0.36911586223384435,0.0801691999438
Tcf7,Bsg,+,1.3012965250866113,1.0,2.0,CellOracle_Paul2015_baseGRN_Ridge,baseGRN_plus_expression_fit,0.12611369503362457,0.3556705880803832,0.30091256041555015,0.330372441858
Zfhx3,Bsg,-,0.7065491614477126,1.0,2.0,CellOracle_Paul2015_baseGRN_Ridge,baseGRN_plus_expression_fit,0.12611369503362457,0.3556705880803832,0.30091256041555015,-0.168035243167
Klf2,Bsg,+,0.6648146994018074,1.0,2.0,CellOracle_Paul2015_baseGRN_Ridge,baseGRN_plus_expression_fit,0.12611369503362457,0.3556705880803832,0.30091256041555015,0.156643758191
Hivep2,Bsg,+,0.656085185918886,1.0,2.0,CellOracle_Paul2015_baseGRN_Ridge,baseGRN_plus_expression_fit,0.12611369503362457,0.3556705880803832,0.30091256041555015,0.154261024191
E2f4,Bsg,+,0.611324572983639,1.0,2.0,CellOracle_Paul2015_baseGRN_Ridge,baseGRN_plus_expression_fit,0.12611369503362457,0.3556705880803832,0.30091256041555015,0.142043546721
Hnf4a,Rangap1,-,1.250864975128829,1.0,2.0,CellOracle_Paul2015_baseGRN_Ridge,baseGRN_plus_expression_fit,0.12471484833232005,0.3581562297576225,0.2995060632864483,-0.316607073491
Hoxa5,Rangap1,-,0.767447374001309,1.0,2.0,CellOracle_Paul2015_baseGRN_Ridge,baseGRN_plus_expression_fit,0.12471484833232005,0.3581562297576225,0.2995060632864483,-0.18465750303
Rel,Rangap1,+,0.7041077581731121,1.0,2.0,CellOracle_Paul2015_baseGRN_Ridge,baseGRN_plus_expression_fit,0.12471484833232005,0.3581562297576225,0.2995060632864483,0.167368858425
Klf4,Rangap1,+,0.6246662867147055,1.0,2.0,CellOracle_Paul2015_baseGRN_Ridge,baseGRN_plus_expression_fit,0.12471484833232005,0.3581562297576225,0.2995060632864483,0.145685187803
E2f4,Rangap1,+,0.5356987919622954,1.0,2.0,CellOracle_Paul2015_baseGRN_Ridge,baseGRN_plus_expression_fit,0.12471484833232005,0.3581562297576225,0.2995060632864483,0.121401374615
Klf2,Ssna1,-,0.8562759413772145,1.0,2.0,CellOracle_Paul2015_baseGRN_Ridge,baseGRN_plus_expression_fit,0.12079215834728918,0.3477956537039316,0.31761951649868847,-0.208903395779
Hnf4a,Ssna1,-,0.6939715067507426,1.0,2.0,CellOracle_Paul2015_baseGRN_Ridge,baseGRN_plus_expression_fit,0.12079215834728918,0.3477956537039316,0.31761951649868847,-0.164602153162
Hoxa5,Ssna1,-,0.6937386794548654,1.0,2.0,CellOracle_Paul2015_baseGRN_Ridge,baseGRN_plus_expression_fit,0.12079215834728918,0.3477956537039316,0.31761951649868847,-0.164538602597
Rel,Ssna1,+,0.4933926863281845,1.0,2.0,CellOracle_Paul2015_baseGRN_Ridge,baseGRN_plus_expression_fit,0.12079215834728918,0.3477956537039316,0.31761951649868847,0.109853858651
Bhlha15,Ssna1,-,0.4822175680883352,1.0,2.0,CellOracle_Paul2015_baseGRN_Ridge,baseGRN_plus_expression_fit,0.12079215834728918,0.3477956537039316,0.31761951649868847,-0.106803593108
Tcf7,Lsm4,+,1.2102070180197593,1.0,2.0,CellOracle_Paul2015_baseGRN_Ridge,baseGRN_plus_expression_fit,0.12001142436347423,0.34862237169947163,0.30428888088658146,0.305509422177
Klf2,Lsm4,-,1.0414153184947588,1.0,2.0,CellOracle_Paul2015_baseGRN_Ridge,baseGRN_plus_expression_fit,0.12001142436347423,0.34862237169947163,0.30428888088658146,-0.259437470726
Hivep2,Lsm4,+,0.8219341607569406,1.0,2.0,CellOracle_Paul2015_baseGRN_Ridge,baseGRN_plus_expression_fit,0.12001142436347423,0.34862237169947163,0.30428888088658146,0.199529754457
Cxxc1,Lsm4,+,0.5786994374983393,1.0,2.0,CellOracle_Paul2015_baseGRN_Ridge,baseGRN_plus_expression_fit,0.12001142436347423,0.34862237169947163,0.30428888088658146,0.133138466303
E2f4,Lsm4,+,0.5777352122207853,1.0,2.0,CellOracle_Paul2015_baseGRN_Ridge,baseGRN_plus_expression_fit,0.12001142436347423,0.34862237169947163,0.30428888088658146,0.132875279545
Hoxa5,Eif4enif1,-,0.4697994146116749,1.0,2.0,CellOracle_Paul2015_baseGRN_Ridge,baseGRN_plus_expression_fit,0.11864288539797763,0.3486308514575488,0.34728206197547923,-0.103414039204
Mycn,Eif4enif1,-,0.4586681098771311,1.0,2.0,CellOracle_Paul2015_baseGRN_Ridge,baseGRN_plus_expression_fit,0.11864288539797763,0.3486308514575488,0.34728206197547923,-0.100375732624
Klf2,Eif4enif1,+,0.38081457078442393,1.0,2.0,CellOracle_Paul2015_baseGRN_Ridge,baseGRN_plus_expression_fit,0.11864288539797763,0.3486308514575488,0.34728206197547923,0.0791254905596
Hivep2,Eif4enif1,+,0.34814067816395644,1.0,2.0,CellOracle_Paul2015_baseGRN_Ridge,baseGRN_plus_expression_fit,0.11864288539797763,0.3486308514575488,0.34728206197547923,0.0702071018073
Smarca5,Eif4enif1,+,0.3462522615807453,1.0,2.0,CellOracle_Paul2015_baseGRN_Ridge,baseGRN_plus_expression_fit,0.11864288539797763,0.3486308514575488,0.34728206197547923,0.0696916556249
Stat4,Mlec,+,1.1124490228010304,1.0,2.0,CellOracle_Paul2015_baseGRN_Ridge,baseGRN_plus_expression_fit,0.11856131015286364,0.3562679835271651,0.4045357809731964,0.278826228499
Meis1,Mlec,+,0.7873773790135359,1.0,2.0,CellOracle_Paul2015_baseGRN_Ridge,baseGRN_plus_expression_fit,0.11856131015286364,0.3562679835271651,0.4045357809731964,0.190097428251
Gfi1,Mlec,+,0.7086626063470527,1.0,2.0,CellOracle_Paul2015_baseGRN_Ridge,baseGRN_plus_expression_fit,0.11856131015286364,0.3562679835271651,0.4045357809731964,0.168612111171
Tcfec,Mlec,+,0.6159957604937876,1.0,2.0,CellOracle_Paul2015_baseGRN_Ridge,baseGRN_plus_expression_fit,0.11856131015286364,0.3562679835271651,0.4045357809731964,0.143318554466
Hoxa5,Mlec,+,0.6112806030879256,1.0,2.0,CellOracle_Paul2015_baseGRN_Ridge,baseGRN_plus_expression_fit,0.11856131015286364,0.3562679835271651,0.4045357809731964,0.142031545071
Nfatc2,Btaf1,+,0.5163082237826415,1.0,2.0,CellOracle_Paul2015_baseGRN_Ridge,baseGRN_plus_expression_fit,0.1166249252096423,0.34407882055738104,0.36476782460074103,0.116108689499
Mycn,Btaf1,+,0.5117235290377379,1.0,2.0,CellOracle_Paul2015_baseGRN_Ridge,baseGRN_plus_expression_fit,0.1166249252096423,0.34407882055738104,0.36476782460074103,0.114857290086
Zbtb1,Btaf1,+,0.4487613733848014,1.0,2.0,CellOracle_Paul2015_baseGRN_Ridge,baseGRN_plus_expression_fit,0.1166249252096423,0.34407882055738104,0.36476782460074103,0.0976716738107
Bdp1,Btaf1,+,0.42606082053808814,1.0,2.0,CellOracle_Paul2015_baseGRN_Ridge,baseGRN_plus_expression_fit,0.1166249252096423,0.34407882055738104,0.36476782460074103,0.0914755233388
Bcl11a,Btaf1,+,0.42320540492580927,1.0,2.0,CellOracle_Paul2015_baseGRN_Ridge,baseGRN_plus_expression_fit,0.1166249252096423,0.34407882055738104,0.36476782460074103,0.0906961332987
Rel,Eif5,+,1.0379445672541274,1.0,2.0,CellOracle_Paul2015_baseGRN_Ridge,baseGRN_plus_expression_fit,0.11341118848298226,0.338171722445118,0.31579652791347806,0.258490123889
Klf2,Eif5,-,0.7877580861290967,1.0,2.0,CellOracle_Paul2015_baseGRN_Ridge,baseGRN_plus_expression_fit,0.11341118848298226,0.338171722445118,0.31579652791347806,-0.190201342838
Hivep2,Eif5,+,0.7479537166917862,1.0,2.0,CellOracle_Paul2015_baseGRN_Ridge,baseGRN_plus_expression_fit,0.11341118848298226,0.338171722445118,0.31579652791347806,0.179336679579
Bhlha15,Eif5,-,0.7194612581144684,1.0,2.0,CellOracle_Paul2015_baseGRN_Ridge,baseGRN_plus_expression_fit,0.11341118848298226,0.338171722445118,0.31579652791347806,-0.171559619617
Hlf,Eif5,+,0.6212571855532405,1.0,2.0,CellOracle_Paul2015_baseGRN_Ridge,baseGRN_plus_expression_fit,0.11341118848298226,0.338171722445118,0.31579652791347806,0.144754668449
Hnf4a,Ppp2r4,-,0.9413870663115533,1.0,2.0,CellOracle_Paul2015_baseGRN_Ridge,baseGRN_plus_expression_fit,0.11254192194343104,0.3582258300650343,0.32303561727372915,-0.232134606952
Zbtb4,Ppp2r4,-,0.8054594445876488,1.0,2.0,CellOracle_Paul2015_baseGRN_Ridge,baseGRN_plus_expression_fit,0.11254192194343104,0.3582258300650343,0.32303561727372915,-0.195032955588
Mycn,Ppp2r4,-,0.6220300223804553,1.0,2.0,CellOracle_Paul2015_baseGRN_Ridge,baseGRN_plus_expression_fit,0.11254192194343104,0.3582258300650343,0.32303561727372915,-0.144965615438
Klf1,Ppp2r4,+,0.5972422126029545,1.0,2.0,CellOracle_Paul2015_baseGRN_Ridge,baseGRN_plus_expression_fit,0.11254192194343104,0.3582258300650343,0.32303561727372915,0.138199745008
Rel,Ppp2r4,-,0.58578510969359,1.0,2.0,CellOracle_Paul2015_baseGRN_Ridge,baseGRN_plus_expression_fit,0.11254192194343104,0.3582258300650343,0.32303561727372915,-0.13507251132
Tcf7,Cltc,-,1.0211038549624807,1.0,2.0,CellOracle_Paul2015_baseGRN_Ridge,baseGRN_plus_expression_fit,0.11215507845455686,0.3385103404873378,0.35151828275045366,-0.253893425821
Hivep2,Cltc,+,0.9156733331933624,1.0,2.0,CellOracle_Paul2015_baseGRN_Ridge,baseGRN_plus_expression_fit,0.11215507845455686,0.3385103404873378,0.35151828275045366,0.225116004336
Zbtb1,Cltc,+,0.5556986111993789,1.0,2.0,CellOracle_Paul2015_baseGRN_Ridge,baseGRN_plus_expression_fit,0.11215507845455686,0.3385103404873378,0.35151828275045366,0.126860355735
Ikzf2,Cltc,-,0.5121708852520166,1.0,2.0,CellOracle_Paul2015_baseGRN_Ridge,baseGRN_plus_expression_fit,0.11215507845455686,0.3385103404873378,0.35151828275045366,-0.114979396646
Hlf,Cltc,+,0.5009239325787623,1.0,2.0,CellOracle_Paul2015_baseGRN_Ridge,baseGRN_plus_expression_fit,0.11215507845455686,0.3385103404873378,0.35151828275045366,0.111909523785
Tcf7,Cdc34,-,1.4058221625989669,1.0,2.0,CellOracle_Paul2015_baseGRN_Ridge,baseGRN_plus_expression_fit,0.11084521583046147,0.33639204961867064,0.26356914482537075,-0.358902873807
Pbx1,Cdc34,-,0.5630856413724246,1.0,2.0,CellOracle_Paul2015_baseGRN_Ridge,baseGRN_plus_expression_fit,0.11084521583046147,0.33639204961867064,0.26356914482537075,-0.128876656871
Hnf4a,Cdc34,-,0.49882537897937074,1.0,2.0,CellOracle_Paul2015_baseGRN_Ridge,baseGRN_plus_expression_fit,0.11084521583046147,0.33639204961867064,0.26356914482537075,-0.111336720384
Zfhx3,Cdc34,-,0.48147533325193875,1.0,2.0,CellOracle_Paul2015_baseGRN_Ridge,baseGRN_plus_expression_fit,0.11084521583046147,0.33639204961867064,0.26356914482537075,-0.106600998979
E2f4,Cdc34,+,0.46947093571541326,1.0,2.0,CellOracle_Paul2015_baseGRN_Ridge,baseGRN_plus_expression_fit,0.11084521583046147,0.33639204961867064,0.26356914482537075,0.103324380389
Nfatc2,Gart,+,0.9899507080069385,1.0,2.0,CellOracle_Paul2015_baseGRN_Ridge,baseGRN_plus_expression_fit,0.11058267074225725,0.3399285028034496,0.2681700408704197,0.245390126914
Hlf,Gart,-,0.6086614674545857,1.0,2.0,CellOracle_Paul2015_baseGRN_Ridge,baseGRN_plus_expression_fit,0.11058267074225725,0.3399285028034496,0.2681700408704197,-0.141316648011
Mycn,Gart,+,0.5540131867951303,1.0,2.0,CellOracle_Paul2015_baseGRN_Ridge,baseGRN_plus_expression_fit,0.11058267074225725,0.3399285028034496,0.2681700408704197,0.126400316577
E2f4,Gart,+,0.537080256084163,1.0,2.0,CellOracle_Paul2015_baseGRN_Ridge,baseGRN_plus_expression_fit,0.11058267074225725,0.3399285028034496,0.2681700408704197,0.121778447351
Mef2c,Gart,-,0.45630381972089873,1.0,2.0,CellOracle_Paul2015_baseGRN_Ridge,baseGRN_plus_expression_fit,0.11058267074225725,0.3399285028034496,0.2681700408704197,-0.0997303960251
Tcf7,Dazap1,-,1.3475476307934857,1.0,2.0,CellOracle_Paul2015_baseGRN_Ridge,baseGRN_plus_expression_fit,0.11031995991793253,0.3399323664823028,0.3155523283168176,-0.3429967516
Klf2,Dazap1,+,1.0230491914757611,1.0,2.0,CellOracle_Paul2015_baseGRN_Ridge,baseGRN_plus_expression_fit,0.11031995991793253,0.3399323664823028,0.3155523283168176,0.254424408385
Bhlha15,Dazap1,+,0.5791301235363523,1.0,2.0,CellOracle_Paul2015_baseGRN_Ridge,baseGRN_plus_expression_fit,0.11031995991793253,0.3399323664823028,0.3155523283168176,0.133256022713
Klf4,Dazap1,-,0.5690781245033789,1.0,2.0,CellOracle_Paul2015_baseGRN_Ridge,baseGRN_plus_expression_fit,0.11031995991793253,0.3399323664823028,0.3155523283168176,-0.130512314268
Hnf4a,Dazap1,-,0.5470186654157051,1.0,2.0,CellOracle_Paul2015_baseGRN_Ridge,baseGRN_plus_expression_fit,0.11031995991793253,0.3399323664823028,0.3155523283168176,-0.124491151314
Klf2,Pgp,+,0.8887787374425469,1.0,2.0,CellOracle_Paul2015_baseGRN_Ridge,baseGRN_plus_expression_fit,0.10583183658419881,0.3375621057567884,0.2944425596141955,0.217775083466
Ybx1,Pgp,+,0.5932177159120241,1.0,2.0,CellOracle_Paul2015_baseGRN_Ridge,baseGRN_plus_expression_fit,0.10583183658419881,0.3375621057567884,0.2944425596141955,0.137101252507
Hlf,Pgp,-,0.4958188464344941,1.0,2.0,CellOracle_Paul2015_baseGRN_Ridge,baseGRN_plus_expression_fit,0.10583183658419881,0.3375621057567884,0.2944425596141955,-0.110516082747
Zfp238,Pgp,+,0.4938363910332533,1.0,2.0,CellOracle_Paul2015_baseGRN_Ridge,baseGRN_plus_expression_fit,0.10583183658419881,0.3375621057567884,0.2944425596141955,0.109974968526
Id2,Pgp,-,0.4537473614469428,1.0,2.0,CellOracle_Paul2015_baseGRN_Ridge,baseGRN_plus_expression_fit,0.10583183658419881,0.3375621057567884,0.2944425596141955,-0.0990326068458
Klf2,Stat5a,+,2.0,1.0,2.0,CellOracle_Paul2015_baseGRN_Ridge,baseGRN_plus_expression_fit,0.10374143664937763,0.3234562762132066,0.34466027333043703,0.521084619444
Zbtb4,Stat5a,+,0.508075245715689,1.0,2.0,CellOracle_Paul2015_baseGRN_Ridge,baseGRN_plus_expression_fit,0.10374143664937763,0.3234562762132066,0.34466027333043703,0.113861485597
Egr1,Stat5a,-,0.47078233315001156,1.0,2.0,CellOracle_Paul2015_baseGRN_Ridge,baseGRN_plus_expression_fit,0.10374143664937763,0.3234562762132066,0.34466027333043703,-0.103682328316
Ikzf2,Stat5a,+,0.46597509653636215,1.0,2.0,CellOracle_Paul2015_baseGRN_Ridge,baseGRN_plus_expression_fit,0.10374143664937763,0.3234562762132066,0.34466027333043703,0.102370185761
Klf1,Stat5a,+,0.4386497074643806,1.0,2.0,CellOracle_Paul2015_baseGRN_Ridge,baseGRN_plus_expression_fit,0.10374143664937763,0.3234562762132066,0.34466027333043703,0.0949116791979
Hoxa5,Banf1,+,1.2232121815312171,1.0,2.0,CellOracle_Paul2015_baseGRN_Ridge,baseGRN_plus_expression_fit,0.10341414565137341,0.3245637943041163,0.17987677462689164,0.309059201364
Klf2,Banf1,-,1.1757732256945268,1.0,2.0,CellOracle_Paul2015_baseGRN_Ridge,baseGRN_plus_expression_fit,0.10341414565137341,0.3245637943041163,0.17987677462689164,-0.29611066612
Zbtb4,Banf1,-,0.9179788422894086,1.0,2.0,CellOracle_Paul2015_baseGRN_Ridge,baseGRN_plus_expression_fit,0.10341414565137341,0.3245637943041163,0.17987677462689164,-0.225745296555
Ybx1,Banf1,+,0.6389732142834817,1.0,2.0,CellOracle_Paul2015_baseGRN_Ridge,baseGRN_plus_expression_fit,0.10341414565137341,0.3245637943041163,0.17987677462689164,0.149590285472
Nfat5,Banf1,-,0.5477637045998907,1.0,2.0,CellOracle_Paul2015_baseGRN_Ridge,baseGRN_plus_expression_fit,0.10341414565137341,0.3245637943041163,0.17987677462689164,-0.124694510894
Klf2,Mmp14,+,0.5664121505528878,1.0,2.0,CellOracle_Paul2015_baseGRN_Ridge,baseGRN_plus_expression_fit,0.10211564267150197,0.34243731753659484,0.3433719487455282,0.129784632618
Foxo1,Mmp14,+,0.31884875569971444,1.0,2.0,CellOracle_Paul2015_baseGRN_Ridge,baseGRN_plus_expression_fit,0.10211564267150197,0.34243731753659484,0.3433719487455282,0.0622118269598
Nfatc2,Mmp14,+,0.28861014928594547,1.0,2.0,CellOracle_Paul2015_baseGRN_Ridge,baseGRN_plus_expression_fit,0.10211564267150197,0.34243731753659484,0.3433719487455282,0.0539581532865
Nfia,Mmp14,+,0.276829939762855,1.0,2.0,CellOracle_Paul2015_baseGRN_Ridge,baseGRN_plus_expression_fit,0.10211564267150197,0.34243731753659484,0.3433719487455282,0.0507427271562
Rara,Mmp14,-,0.26292348730082427,1.0,2.0,CellOracle_Paul2015_baseGRN_Ridge,baseGRN_plus_expression_fit,0.10211564267150197,0.34243731753659484,0.3433719487455282,-0.0469469397775
Klf2,Ranbp1,-,1.54824616581827,1.0,2.0,CellOracle_Paul2015_baseGRN_Ridge,baseGRN_plus_expression_fit,0.1015690412731115,0.3425703287042501,0.20735700465836385,-0.397777722394
Hoxa5,Ranbp1,+,0.931640274928978,1.0,2.0,CellOracle_Paul2015_baseGRN_Ridge,baseGRN_plus_expression_fit,0.1015690412731115,0.3425703287042501,0.20735700465836385,0.2294742054
Mycn,Ranbp1,-,0.901304204414588,1.0,2.0,CellOracle_Paul2015_baseGRN_Ridge,baseGRN_plus_expression_fit,0.1015690412731115,0.3425703287042501,0.20735700465836385,-0.221193928752
Stat4,Ranbp1,-,0.8176486482591616,1.0,2.0,CellOracle_Paul2015_baseGRN_Ridge,baseGRN_plus_expression_fit,0.1015690412731115,0.3425703287042501,0.20735700465836385,-0.198360017294
Nfatc2,Ranbp1,-,0.7951065938572577,1.0,2.0,CellOracle_Paul2015_baseGRN_Ridge,baseGRN_plus_expression_fit,0.1015690412731115,0.3425703287042501,0.20735700465836385,-0.192207129214
Nfatc2,Ncln,+,0.8077323809399966,1.0,2.0,CellOracle_Paul2015_baseGRN_Ridge,baseGRN_plus_expression_fit,0.099607827833324,0.3175749408477165,0.30385283827014414,0.195653357027
Hivep2,Ncln,+,0.7339544615993696,1.0,2.0,CellOracle_Paul2015_baseGRN_Ridge,baseGRN_plus_expression_fit,0.099607827833324,0.3175749408477165,0.30385283827014414,0.175515561581
Ets1,Ncln,-,0.6251106686719032,1.0,2.0,CellOracle_Paul2015_baseGRN_Ridge,baseGRN_plus_expression_fit,0.099607827833324,0.3175749408477165,0.30385283827014414,-0.145806482535
Irf1,Ncln,+,0.6041611926966042,1.0,2.0,CellOracle_Paul2015_baseGRN_Ridge,baseGRN_plus_expression_fit,0.099607827833324,0.3175749408477165,0.30385283827014414,0.140088291162
Klf2,Ncln,-,0.514088606176573,1.0,2.0,CellOracle_Paul2015_baseGRN_Ridge,baseGRN_plus_expression_fit,0.099607827833324,0.3175749408477165,0.30385283827014414,-0.115502841493
Hnf4a,Mrpl17,+,0.7953835251935475,1.0,2.0,CellOracle_Paul2015_baseGRN_Ridge,baseGRN_plus_expression_fit,0.09814202420095341,0.3172906696083518,0.30456659128726576,0.192282718044
Klf2,Mrpl17,-,0.7905542151328102,1.0,2.0,CellOracle_Paul2015_baseGRN_Ridge,baseGRN_plus_expression_fit,0.09814202420095341,0.3172906696083518,0.30456659128726576,-0.190964550508
Egr1,Mrpl17,+,0.7389939455634236,1.0,2.0,CellOracle_Paul2015_baseGRN_Ridge,baseGRN_plus_expression_fit,0.09814202420095341,0.3172906696083518,0.30456659128726576,0.176891096404
Nfatc2,Mrpl17,-,0.6856826747364158,1.0,2.0,CellOracle_Paul2015_baseGRN_Ridge,baseGRN_plus_expression_fit,0.09814202420095341,0.3172906696083518,0.30456659128726576,-0.16233970384
Zfp238,Mrpl17,+,0.5674937493063277,1.0,2.0,CellOracle_Paul2015_baseGRN_Ridge,baseGRN_plus_expression_fit,0.09814202420095341,0.3172906696083518,0.30456659128726576,0.130079856645
Hnf4a,Dmwd,+,0.39561951700690856,1.0,2.0,CellOracle_Paul2015_baseGRN_Ridge,baseGRN_plus_expression_fit,0.0981006903952566,0.3142483278117019,0.3342021350599945,0.0831665231786
Egr1,Dmwd,+,0.3832929997000241,1.0,2.0,CellOracle_Paul2015_baseGRN_Ridge,baseGRN_plus_expression_fit,0.0981006903952566,0.3142483278117019,0.3342021350599945,0.0798019815067
Rara,Dmwd,-,0.29466701335314976,1.0,2.0,CellOracle_Paul2015_baseGRN_Ridge,baseGRN_plus_expression_fit,0.0981006903952566,0.3142483278117019,0.3342021350599945,-0.0556113835581
Mycn,Dmwd,-,0.2811570387807465,1.0,2.0,CellOracle_Paul2015_baseGRN_Ridge,baseGRN_plus_expression_fit,0.0981006903952566,0.3142483278117019,0.3342021350599945,-0.0519238154232
Klf1,Dmwd,+,0.2634508671125604,1.0,2.0,CellOracle_Paul2015_baseGRN_Ridge,baseGRN_plus_expression_fit,0.0981006903952566,0.3142483278117019,0.3342021350599945,0.0470908889003
Nfia,Prkag1,+,0.42179704849273575,1.0,2.0,CellOracle_Paul2015_baseGRN_Ridge,baseGRN_plus_expression_fit,0.09632010194439133,0.3122094898510042,0.3331399368932188,0.0903117202654
Hnf4a,Prkag1,-,0.4091735435830116,1.0,2.0,CellOracle_Paul2015_baseGRN_Ridge,baseGRN_plus_expression_fit,0.09632010194439133,0.3122094898510042,0.3331399368932188,-0.086866115375
Rara,Prkag1,-,0.37054551101057587,1.0,2.0,CellOracle_Paul2015_baseGRN_Ridge,baseGRN_plus_expression_fit,0.09632010194439133,0.3122094898510042,0.3331399368932188,-0.0763225350548
Klf6,Prkag1,-,0.35593104016787014,1.0,2.0,CellOracle_Paul2015_baseGRN_Ridge,baseGRN_plus_expression_fit,0.09632010194439133,0.3122094898510042,0.3331399368932188,-0.0723334929808
Id2,Prkag1,+,0.3333958112534363,1.0,2.0,CellOracle_Paul2015_baseGRN_Ridge,baseGRN_plus_expression_fit,0.09632010194439133,0.3122094898510042,0.3331399368932188,0.066182467928
Klf2,Psmd4,-,1.0180249661552734,1.0,2.0,CellOracle_Paul2015_baseGRN_Ridge,baseGRN_plus_expression_fit,0.09203438681968867,0.31481477102249944,0.2571389922650006,-0.253053038432
Tcf7,Psmd4,-,0.8972551964773854,1.0,2.0,CellOracle_Paul2015_baseGRN_Ridge,baseGRN_plus_expression_fit,0.09203438681968867,0.31481477102249944,0.2571389922650006,-0.220088745869
Rel,Psmd4,+,0.8878664157918552,1.0,2.0,CellOracle_Paul2015_baseGRN_Ridge,baseGRN_plus_expression_fit,0.09203438681968867,0.31481477102249944,0.2571389922650006,0.217526063882
Stat4,Psmd4,-,0.721597080914226,1.0,2.0,CellOracle_Paul2015_baseGRN_Ridge,baseGRN_plus_expression_fit,0.09203438681968867,0.31481477102249944,0.2571389922650006,-0.172142595703
Hnf4a,Psmd4,-,0.6997122019002608,1.0,2.0,CellOracle_Paul2015_baseGRN_Ridge,baseGRN_plus_expression_fit,0.09203438681968867,0.31481477102249944,0.2571389922650006,-0.166169084646
Tcf7,Casc5,+,0.5668213100321333,1.0,2.0,CellOracle_Paul2015_baseGRN_Ridge,baseGRN_plus_expression_fit,0.08982089859644826,0.3006225859246428,0.30086550597925155,0.129896313321
Klf2,Casc5,+,0.398433634107726,1.0,2.0,CellOracle_Paul2015_baseGRN_Ridge,baseGRN_plus_expression_fit,0.08982089859644826,0.3006225859246428,0.30086550597925155,0.0839346407271
Zfp238,Casc5,+,0.3781430747694887,1.0,2.0,CellOracle_Paul2015_baseGRN_Ridge,baseGRN_plus_expression_fit,0.08982089859644826,0.3006225859246428,0.30086550597925155,0.0783963016537
Bcl11a,Casc5,+,0.35606032945636823,1.0,2.0,CellOracle_Paul2015_baseGRN_Ridge,baseGRN_plus_expression_fit,0.08982089859644826,0.3006225859246428,0.30086550597925155,0.072368782689
Ets1,Casc5,+,0.3397347209793741,1.0,2.0,CellOracle_Paul2015_baseGRN_Ridge,baseGRN_plus_expression_fit,0.08982089859644826,0.3006225859246428,0.30086550597925155,0.0679126829917
Nfatc2,Fen1,-,0.9615309827735623,1.0,2.0,CellOracle_Paul2015_baseGRN_Ridge,baseGRN_plus_expression_fit,0.07670030759828372,0.30164988841482226,0.2693613615917956,-0.237632919629
Id2,Fen1,-,0.7482968666510863,1.0,2.0,CellOracle_Paul2015_baseGRN_Ridge,baseGRN_plus_expression_fit,0.07670030759828372,0.30164988841482226,0.2693613615917956,-0.179430342883
Ikzf2,Fen1,-,0.7053321660289706,1.0,2.0,CellOracle_Paul2015_baseGRN_Ridge,baseGRN_plus_expression_fit,0.07670030759828372,0.30164988841482226,0.2693613615917956,-0.167703062414
Klf2,Fen1,-,0.5861397328696938,1.0,2.0,CellOracle_Paul2015_baseGRN_Ridge,baseGRN_plus_expression_fit,0.07670030759828372,0.30164988841482226,0.2693613615917956,-0.135169306256
Egr1,Fen1,+,0.5522280431121496,1.0,2.0,CellOracle_Paul2015_baseGRN_Ridge,baseGRN_plus_expression_fit,0.07670030759828372,0.30164988841482226,0.2693613615917956,0.12591305889
